create table cultura (
    idCultura bigint NOT NULL GENERATED BY DEFAULT AS IDENTITY ( INCREMENT 1 START 1 MINVALUE 1 MAXVALUE 9223372036854775807 CACHE 1 ),
    nome varchar(150) not null,
    CONSTRAINT cultura_pkey PRIMARY KEY (idCultura)
);
insert into cultura (idCultura, nome)
values (1, 'Cereais'), (2, 'Hortaliças'), (3, 'Cana'), (4, 'Frutas'), (5, 'Pecuária'), (6, 'Flores'), (7, 'Café');

create table area (
    idArea bigint NOT NULL GENERATED BY DEFAULT AS IDENTITY ( INCREMENT 1 START 1 MINVALUE 1 MAXVALUE 9223372036854775807 CACHE 1 ),
    tamanho varchar(150) not null,
    CONSTRAINT area_pkey PRIMARY KEY (idArea)
);
insert into area (idArea, tamanho)
values (1, 'Até 50 ha'), (2, 'Até 500 ha'), (3, 'Acima de 500 ha');

create table produto (
    idProduto bigint NOT NULL GENERATED BY DEFAULT AS IDENTITY ( INCREMENT 1 START 1 MINVALUE 1 MAXVALUE 9223372036854775807 CACHE 1 ),
    nome varchar(150) not null,
    descricao text not null,
    idArea bigint not null references area on delete cascade,
    CONSTRAINT produto_pkey PRIMARY KEY (idProduto)
);

insert into produto (nome, descricao, idArea) values
('PJ 401', 'Desenvolvida para uma pulverização uniforme, custo reduzido de manutenção e alto rendimento operacional diário comparado com aplicações manuais.\nBomba de pistões com camisa de cerâmica altamente resistente ao desgaste. A bomba reduz a quantidade de paradas para manutenção, proporcionando uma maior disponibilidade do equipamento para o produtor, garantindo a aplicação no momento correto.', 1),
('Condorito 400', 'Desenvolvida para uma pulverização uniforme, custo reduzido de manutenção e alto rendimento operacional diário comparado com aplicações manuais.\nBarras con fechamento em X, que facilita o transporte e armazenamento do pulverizador. A abertura manual simples minimiza o esforço do operador.', 2),
('Condorito 600', 'Desenvolvida para uma pulverização uniforme, custo reduzido de manutenção e alto rendimento operacional diário comparado com aplicações manuais.\nComando CJ-42 com alívio rápido que evita sobrecarga de pressão no circuito defensivo. Manômetro com escala estendida e banho em glicerina, proporcionando melhor leitura.', 2),
('Condor 600 M12 / M14', 'A abertura e o fechamento das barras são feitas manualmente permitindo que as operações sejam realizadas sem complicações.\nMelhor opção de baixo custo para alcançar uniformidade e rendimento operacional nas aplicações com as barras de 12 ou 14 metros.', 2),
('Condor 600 AM12 / AM14', 'Tanque de 600 litros, feito em polietileno, com acabamento polido das superfícies interna e externa para facilitar a limpeza. Resiste aos impactos e corrosões.\nCom barras de 12 e 14 metros o Condor 600 atende com qualidade aos mais diversos cultivos para o pequeno e médio produtor.\nO acionamento hidráulico permite ao operador total controle das barras, ganhando muito mais agilidade nas operações em campo.', 2),
('Condor 800 M12', 'Melhor opção de baixo custo para alcançar uniformidade e rendimento operacional nas aplicações.\nCom barras de 12 metros o Condor 800 atende com qualidade aos mais diversos cultivos para o pequeno e médio produtor.\nA abertura e o fechamento das barras são feitas manualmente permitindo que as operações sejam realizadas sem complicações.', 2),
('Condor 800 AM12 / AM14', 'O acionamento hidráulico permite ao operador total controle das barras, ganhando muito mais agilidade nas operações em campo.\nCom 14 metros de barras o Condor 800 ganha alto rendimento operacional, sendo até 40% mais rápido no tempo de cobertura da área de atuação, aliado ao baixo índice de amassamento, reduz as perdas em até 29%.', 2),
('Condor 800 AM18 / Multicontrol', 'Produzido para quem busca eficiência na pulverização, com alta tecnologia que proporciona economia e produtividade.\nO Condor 800 AM18 dispõe de comandos de pulverização e acionamento das barras. O agricultor pode escolher entre o comando Masterflow 4 vias (nas opções: alavanca, a cabo e elétrico) e o novo comando Multicontrol 6 vias.', 2),
('Falcon AM14/Vortex', 'O ar das barras do falcon vortex melhora a penetração do defensivo no interior da plantação, produz uma excelente cobertura, inclusive na face inferior da folha.\nO Falcon AM14/Vortex dispõe de várias opções de comandos de pulverização e acionamento das barras. O agricultor pode escolher entre o comando Masterflow 4 vias com alavanca, Masterflow 4 vias a cabo, Masterflow elétrico ou Masterflow eletroeletrônico.', 2),
('Condorito EM', 'A Linha EM foi desenvolvida especialmente para pulverização localizada, com alto rendimento operacional e custo reduzido de manutenção.\nO Condorito EM é equipado com lanças de pulverização, ou pode optar por equipar com pistolas de pulverização. Ideal para aplicação localizada.\nPossui de 1 a 2 enroladores de mangueira de longo alcance de acordo com a necessidade do cliente, possibilitando uma melhor movimentação na aplicação.', 2),
('Condor EM', 'A Linha EM foi desenvolvida especialmente para pulverização localizada, com alto rendimento operacional e custo reduzido de manutenção.\nReservatório de 600 litros, feito em polietileno, com acabamento polido das superfícies interna e externa para facilitar a limpeza. Resiste aos impactos e corrosões', 2),
('BC 610 PEC', 'A Linha BC foi desenvolvida especialmente para aplicação em pastagens. Propicia alto rendimento operacional diário e custo reduzido de manutenção.\nFaixa de aplicação de até 10 metros. Barras fixas de 2,2 m de comprimento total equivalente à largura do trator, o que evita choques com obstáculos nas pastagens. Excelente para áreas de baixa mobilidade.', 3),
('PH 400', 'O PH 400 aplica herbicida com eficiência e total proteção à planta.\nAsas protetoras em polietileno resistentes aos impactos e à corrosão são reguláveis também em altura e articuladas para acompanharem os desníveis do terreno.\nAltamente resistente aos impactos.\nAs paredes lisas e o formato da peça facilitam o escoamento da calda e a limpeza interna.', 2),
('Coral PEC', 'A Coral PEC foi desenvolvida especialmente para pulverização em pastagens, com alto rendimento operacional diário e custo reduzido de manutenção.\nFaixa de aplicação de até 10 metros, com barras físicas de 2,2 metros, que acompanha a largura do trator evitando choque com os obstáculos das pastagens. Excelente para áreas de difícil mobilidade.', 2),
('Coral B12', 'Coral B12 foi desenvolvido para uma pulverização uniforme, com alto rendimento operacional e custo reduzido.\nTanque de 2.000 litros, feito em polietileno, com acabamento polido das superfícies interna e externa para facilitar a limpeza. Resiste aos impactos e corrosões.', 2),
('Coral AM14', 'O acionamento hidráulico permite ao operador total controle das barras, ganhando muito mais agilidade nas operações em campo.\nTanque de 2.000 litros, feito em polietileno, com acabamento polido das superfícies interna e externa para facilitar a limpeza. Resiste aos impactos e corrosões.', 2),
('Columbia Cross', 'Barras de 18 metros semi-hidráulicas, permite cobrir mais área em menos tempo.\nSuspensão trapezoidal. Com amortecedores e molas no quadro das barras, reduz o impacto das trepidações provocadas pelos desníveis do terreno, proporcionando maior estabilidade às barras, melhor qualidade de aplicação e excelente produção diária.', 2),
('Columbia AD18', 'Produzido para quem busca eficiência em pulverização, com alta tecnologia que proporciona economia e produtividade.\nCom 18 metros de barras o Columbia AD18 ganha alto rendimento operacional, sendo até 25% mais rápido no tempo de cobertura da área de atuação, aliado ao baixo índice de amassamento, reduz as perdas em até 22%.', 2),
('Advance 2000 AM18', 'Produzido para quem busca eficiência em pulverização. Com alta tecnologia, permite longas jornadas sem interrupção.\nPara um melhor controle de pulverização, a Linha Advance dispõe de várias opções de comandos de pulverização e acionamento das barras. O agricultor pode escolher entre o comando Masterflow, o comando Masterflow a cabo, o comando Masterflow elétrico e o comando Masterflow eletrônico.', 2),
('Advance 2000 AM 18 Vortex', 'O ar das barras do Advance vortex além de melhorar a penetração do defensivo no interior da plantação, produz uma excelente cobertura, inclusive na face inferior da folha.\nPara um melhor controle de pulverização, a Linha Advance dispõe de várias opções de comandos de pulverização e acionamento das barras. O agricultor pode escolher entre o comando Masterflow, o comando Masterflow a cabo, o comando Masterflow elétrico e o comando Masterflow eletrônico.', 2),
('Advance 3000 AM18', 'Reduz o tempo que o operador gasta para abrir e fechar as barras e realizar manobras nos finais de rua. As operações são realizadas sem esforço físico e com total segurança ao operador.\nPermite grandes jornadas de trabalho. Produzido em polietileno resistente à corrosão, de fácil limpeza e design moderno.', 3),
('Advance 3000 AM 18 Vortex', 'A redução da deriva evita a interrupção do trabalho em dias de vento mais forte. O ar das barras do Advance Vortex além de melhorar a penetração do defensivo no interior da plantação, produz uma excelente cobertura, inclusive na face inferior da folha.\nPara um melhor controle de pulverização, a Linha Advance dispõe de várias opções de comandos de pulverização e acionamento das barras. O agricultor pode escolher entre o comando Masterflow, o comando Masterflow a cabo, o comando Masterflow elétrico e o comando Masterflow eletrônico.', 3),
('Advance 3000 AM21', 'Produzido para quem busca eficiência em pulverização. Com alta tecnologia, permite longas jornadas sem interrupção.\nCom 21 metros de barras o Advance AM21 ganha alto rendimento operacional, sendo até 15% mais rápido no tempo de cobertura da área de atuação, aliado ao baixo índice de amassamento, reduz as perdas em até 14%.', 3),
('Advance 3000 AM24 / Tanden Arroz / Multicontrol', 'O eixo tanden alongado proporciona uma melhor estabilidade para a máquina e consequentemente para a barra. A maior distância entre eixos e a possibilidade da abertura da bitola, aumentam as distâncias dos pontos de apoio da máquina, absorvendo melhor as irregularidades do terreno.\nGerencia toda a pulverização e garante que o volume seja aplicado corretamente, independente das variações de velocidade*.\nBarra de luz e corte de seções: indica ao operador a direção correta do caminhamento e corta automaticamente a pulverização onde o produto já foi aplicado. Desta forma Economiza produto e evita falhas e sobreposições que afetam a qualidade da aplicação.', 3);

create table culturas_do_produto (
    idProduto bigint references produto,
    idCultura bigint references cultura
);
insert into culturas_do_produto (idProduto, idCultura) values
(1, 1), (1, 2), (1, 3), (1, 4), (1, 5), (2, 1), (2, 2), (2, 3), (2, 6), (3, 1), (3, 2), (3, 3), (3, 6), (4, 1), (4, 2),
(4, 3), (4, 6), (5, 1), (5, 2), (5, 3), (5, 6), (6, 1), (6, 2), (6, 3), (6, 6), (7, 1), (7, 2), (7, 3), (7, 6), (8, 1),
(8, 2), (8, 3), (8, 6), (9, 4), (9, 6), (10, 5), (10, 4), (10, 6), (11, 5), (11, 4), (11, 6), (12, 5), (13, 1), (13, 2),
(13, 7), (14, 5), (15, 6), (16, 1), (16, 2), (16, 3), (16, 6), (17, 1), (17, 2), (17, 3), (17, 6), (18, 1), (18, 2),
(18, 3), (18, 6), (19, 1), (19, 2), (19, 3), (19, 6), (20, 1), (20, 2), (20, 3), (20, 4), (20, 6), (21, 1), (21, 2),
(21, 3), (21, 6), (22, 1), (22, 2), (22, 3), (22, 4), (22, 6), (23, 1), (23, 2), (23, 3), (23, 6), (24, 1), (24, 2),
(24, 3);
